id,nom,email,city,pays,date_inscription
1,Sophie Poirier,sophie.poirier2473@shopflow.com,Perth,Australie,2025-11-02
2,Aimée Dupré,aimee.dupre6219@shopflow.com,Shanghai,Chine,2025-09-14
3,Grégoire Raynaud de Lecoq,gregoire.lecoq8487@shopflow.com,Louxor,Egypte,2025-08-07
4,Sylvie Gillet,sylvie.gillet3734@shopflow.com,Guadalajara,Mexique,2025-10-10
5,Alexandre de Cohen,alexandre.cohen2927@shopflow.com,Istanbul,Turquie,2025-11-14
6,Marthe Legendre,marthe.legendre6734@shopflow.com,Surabaya,Indonesie,2025-11-29
7,Nathalie Maury,nathalie.maury3168@shopflow.com,Christchurch,Nouvelle-Zelande,2025-05-01
8,Gilbert Marchal,gilbert.marchal6265@shopflow.com,Los Angeles,Etats-Unis,2025-12-03
9,Brigitte Dos Santos,brigitte.santos8573@shopflow.com,Paris,France,2026-03-14
10,Philippine De Oliveira,philippine.oliveira6389@,Osaka,Japon,2025-05-21
11,Anastasie Le Robert,anastasie.robert777@shopflow.com,Vancouver,Canada,2025-10-27
12,Agathe Charrier,agathe.charrier3716@shopflow.com,Incheon,Coree du Sud,2026-02-24
13,Honoré Le Gall-Jean,honore.jean4877@shopflow.com,Port Harcourt,Nigeria,2025-05-10
14,Patrick Delahaye,patrick.delahaye9449@shopflow.com,Melbourne,Australie,2025-07-16
15,Catherine David,catherine.david4202@shopflow.com,Vancouver,Canada,2025-08-03
16,Patrick du Bigot,patrick.bigot8456@shopflow.com,Busan,Coree du Sud,2026-01-08
17,Sébastien Hernandez,sebastien.hernandez2654@shopflow.com,Los Angeles,Etats-Unis,2026-02-13
18,Martin Meyer,martin.meyer9686@shopflow.com,Melbourne,Australie,2025-07-30
19,Aimée Étienne Le Lejeune,aimee.lejeune5243@shopflow.com,Toronto,Canada,2026-02-22
20,Marthe Leblanc,marthe.leblanc3616@@shopflow.com,,Allemagne,2026-03-26
21,Roland Imbert,roland.imbert4464@shopflow.com,Paris,France,2026-01-27
22,Adrien Dias,adrien.dias7599@shopflow.com,Eldoret,Kenya,2025-05-10
23,Henri Dupuy,henri.dupuy4168@shopflow.com,Medan,Indonesie,2025-09-07
24,Renée Jacob du Lopez,renee.lopez8191@shopflow.com,Miami,Etats-Unis,2025-07-03
25,Lucas Chauveau Le Legros,lucas.legros2703@shopflow.com,Canton,Chine,2025-09-23
26,Antoine Bonnet,antoine.bonnet1644@shopflow.com,Incheon,Coree du Sud,2026-03-31
27,Jean Boutin,jean.boutin5249@shopflow.com,Mombasa,Kenya,2025-05-22
28,Raymond Hebert,raymond.hebert2630@shopflow.com,Daegu,Coree du Sud,2025-07-03
29,Paul Denis de Bonnin,paul.bonnin1678@shopflow.com,Guadalajara,Mexique,2025-08-05
30,Laurence Monnier,laurence.monnier2930shopflow.com,Vancouver,Canada,2025-12-10
31,Maggie Garnier-Jacques,maggie.jacques7505@shopflow.com,Medan,Indonesie,2025-07-30
32,Lucy Boulanger de Bruneau,lucy.bruneau152@shopflow.com,Nagoya,Japon,2026-04-06
33,Martin Vasseur,,Fes,Maroc,2026-01-21
34,Manon Adam,manon.adam3804@shopflow.com,Canton,Chine,2026-01-12
35,Guillaume Le Clément,guillaume.clement3066@shopflow.com,Melbourne,Australie,2025-10-16
36,Joséphine du Barthelemy,josephine.barthelemy9064@shopflow.com,Perth,Australie,2026-02-07
37,Bernadette Breton Le Noël,bernadette.noel1857@shopflow.com,Quebec,Canada,2025-08-17
38,Julien Richard,julien.richard3196@shopflow.com,Alexandrie,Egypte,2026-03-30
39,Gilles Fournier,gilles.fournier3652@shopflow.com,Lagos,Nigeria,2025-12-10
40,Odette Diaz du Roux,odette.roux7509@,,Etats-Unis,2025-08-14
41,Isabelle-Éléonore Lemaire,isabelle.lemaire789@shopflow.com,Monterrey,Mexique,2026-02-17
42,Lorraine Payet,lorraine.payet6802@shopflow.com,New York,Etats-Unis,2025-08-22
43,Luc Lebreton,luc.lebreton8176@shopflow.com,Wellington,Nouvelle-Zelande,2026-01-15
44,Sylvie-Marcelle Antoine,sylvie.antoine2192@shopflow.com,Mumbai,Inde,2026-02-07
45,Suzanne du Normand,suzanne.normand7310@shopflow.com,Shenzhen,Chine,2025-12-02
46,Henriette Dijoux,henriette.dijoux5160@shopflow.com,Wellington,Nouvelle-Zelande,2025-11-18
47,Charles Ribeiro Le Mathieu,charles.mathieu9219@shopflow.com,Hamilton,Nouvelle-Zelande,2025-06-29
48,Pauline du Martins,pauline.martins3156@shopflow.com,Surabaya,Indonesie,2025-09-13
49,Michelle Allain,michelle.allain2741@shopflow.com,Lagos,Nigeria,2026-01-01
50,Michel Fischer,michel.fischer6258.shopflow.com,Eldoret,Kenya,2025-09-22
51,Paul Guillot,paul.guillot2677@shopflow.com,Brasilia,Bresil,2025-12-18
52,Anouk Rodrigues-Fernandez,anouk.fernandez8500@shopflow.com,Quebec,Canada,2026-01-17
53,Marcelle Simon-Allard,marcelle.allard1876@shopflow.com,Medan,Indonesie,2025-06-17
54,Jacqueline du Delaunay,jacqueline.delaunay3468@shopflow.com,Casablanca,Maroc,2026-01-11
55,Benoît Garcia,benoit.garcia765@shopflow.com,Lyon,France,2025-07-18
56,Manon Masson,manon.masson4255@shopflow.com,Lagos,Nigeria,2025-12-26
57,Anne-Michelle Roger,anne.roger3684@shopflow.com,Hamilton,Nouvelle-Zelande,2025-05-07
58,Auguste Le Rémy,auguste.remy1606@shopflow.com,Casablanca,Maroc,2025-06-20
59,Timothée Martineau de la Lambert,timothee.lambert3869@shopflow.com,Kisumu,Kenya,2026-01-03
60,Frédéric Vallet,frederic.vallet4413.shopflow.com,,Australie,2025-10-08
61,Alexandre Bourdon,alexandre.bourdon4157@shopflow.com,Sydney,Australie,2025-05-09
62,Sylvie Peron,sylvie.peron632@shopflow.com,Izmir,Turquie,2026-02-05
63,Cécile-Luce Roux,cecile.roux7818@shopflow.com,Lyon,France,2025-05-02
64,Camille Sanchez,camille.sanchez9212@shopflow.com,Medan,Indonesie,2025-06-12
65,Alex Meyer,alex.meyer4579@shopflow.com,Pekin,Chine,2026-02-05
66,Océane Letellier,,Nakuru,Kenya,2026-01-18
67,Jean Benoit,jean.benoit5144@shopflow.com,Rio de Janeiro,Bresil,2025-09-18
68,Virginie Martins de la Normand,virginie.normand1546@shopflow.com,Marrakech,Maroc,2025-09-09
69,Guillaume Fabre,guillaume.fabre1898@shopflow.com,Bloemfontein,Afrique du Sud,2025-12-21
70,Georges Moulin,georges.moulin1260@@shopflow.com,Le Cap,Afrique du Sud,2025-09-23
71,Andrée Bouvier,andree.bouvier3825@shopflow.com,Nakuru,Kenya,2025-08-12
72,Frédéric Mace-Muller,frederic.muller4865@shopflow.com,Christchurch,Nouvelle-Zelande,2025-10-27
73,René Gaillard,rene.gaillard7721@shopflow.com,Calgary,Canada,2025-06-06
74,Philippine-Anouk Hardy,philippine.hardy1960@shopflow.com,Osaka,Japon,2025-04-27
75,Jacques Hervé de la Faure,jacques.faure115@shopflow.com,Adelaide,Australie,2025-06-12
76,Anne Le Carre,anne.carre8477@shopflow.com,Los Angeles,Etats-Unis,2025-09-07
77,Charlotte Petitjean du Colin,charlotte.colin852@shopflow.com,Los Angeles,Etats-Unis,2025-06-23
78,Théodore Rossi,theodore.rossi4658@shopflow.com,Rio de Janeiro,Bresil,2026-02-16
79,Renée Dias,renee.dias1902@shopflow.com,Osaka,Japon,2025-06-26
80,Martin Turpin-Delahaye,martin.delahaye8406@@shopflow.com,,Inde,2025-07-29
81,Marcelle-Martine Toussaint,marcelle.toussaint5785@shopflow.com,Bursa,Turquie,2025-05-07
82,Luce Laurent-Gaudin,luce.gaudin5362@shopflow.com,Busan,Coree du Sud,2025-07-05
83,Thibaut-Alain Richard,thibaut.richard9103@shopflow.com,Auckland,Nouvelle-Zelande,2025-09-08
84,Philippe Leroy,philippe.leroy2849@shopflow.com,Assouan,Egypte,2025-11-13
85,Louis Becker,louis.becker1501@shopflow.com,Ankara,Turquie,2025-05-29
86,Charles Petit,charles.petit8650@shopflow.com,Kano,Nigeria,2025-06-23
87,Brigitte Baron,brigitte.baron5235@shopflow.com,Paris,France,2025-07-26
88,Nicole Bonnin,nicole.bonnin5569@shopflow.com,Paris,France,2025-10-04
89,Céline-Bernadette Gilbert,celine.gilbert8465@shopflow.com,Wellington,Nouvelle-Zelande,2025-06-29
90,Alphonse Bouvet,alphonse.bouvet818shopflow.com,Ibadan,Nigeria,2026-03-16
91,Gabriel Meyer,gabriel.meyer2742@shopflow.com,Brasilia,Bresil,2025-10-04
92,Martine Hernandez Le Marchal,martine.marchal6020@shopflow.com,Brisbane,Australie,2025-10-29
93,Gilles Lacombe-Chauveau,gilles.chauveau8895@shopflow.com,Kisumu,Kenya,2025-07-21
94,Jérôme Roche,jerome.roche987@shopflow.com,Fes,Maroc,2026-04-01
95,Hélène Couturier-Roy,helene.roy3048@shopflow.com,Bangalore,Inde,2025-09-30
96,Timothée Lefebvre,timothee.lefebvre2815@shopflow.com,Kisumu,Kenya,2025-04-24
97,Sophie-Monique Bourdon,sophie.bourdon6667@shopflow.com,Yogyakarta,Indonesie,2026-01-11
98,Margaux de Besnard,margaux.besnard4848@shopflow.com,Toronto,Canada,2025-12-29
99,Benjamin Nicolas,,Chennai,Inde,2025-09-06
100,Nicole Techer,nicole.techer6219.shopflow.com,,Japon,2025-12-23
101,Claire Da Costa,claire.costa9187@shopflow.com,Antalya,Turquie,2026-01-14
102,Alain Bruneau,alain.bruneau4953@shopflow.com,Abuja,Nigeria,2025-12-27
103,Bertrand Lecomte,bertrand.lecomte1413@shopflow.com,Canton,Chine,2025-11-27
104,Thérèse Ribeiro Le Gomes,therese.gomes4274@shopflow.com,Tanger,Maroc,2025-12-30
105,Roger Traore,roger.traore8768@shopflow.com,Ankara,Turquie,2025-10-29
106,Sophie Robin,sophie.robin7266@shopflow.com,Izmir,Turquie,2026-02-19
107,Cécile-Michelle Lambert,cecile.lambert6297@shopflow.com,Los Angeles,Etats-Unis,2025-08-05
108,Laurence Briand de Bertrand,laurence.bertrand117@shopflow.com,Melbourne,Australie,2025-07-30
109,Jules Leclercq,jules.leclercq3416@shopflow.com,Yogyakarta,Indonesie,2026-01-02
110,Nath Wagner,nath.wagner4820.shopflow.com,Melbourne,Australie,2025-11-13
111,Anne Boulanger,anne.boulanger1887@shopflow.com,Jakarta,Indonesie,2025-05-24
112,Thomas Guyot,thomas.guyot2376@shopflow.com,Antalya,Turquie,2025-09-14
113,Emmanuel Baudry,emmanuel.baudry1216@shopflow.com,Tokyo,Japon,2025-07-01
114,Jules Peron,jules.peron1635@shopflow.com,Daejeon,Coree du Sud,2026-01-10
115,Roger du Monnier,roger.monnier577@shopflow.com,Bloemfontein,Afrique du Sud,2025-09-09
116,Brigitte Jacquet de la Diallo,brigitte.diallo5032@shopflow.com,Guadalajara,Mexique,2025-11-09
117,Paulette Dupuis,paulette.dupuis1675@shopflow.com,Antalya,Turquie,2025-12-03
118,Xavier Maillet,xavier.maillet187@shopflow.com,Daejeon,Coree du Sud,2026-02-08
119,Maggie Fouquet,maggie.fouquet7868@shopflow.com,New York,Etats-Unis,2025-04-25
120,Zacharie Vasseur,zacharie.vasseur8273.shopflow.com,,Indonesie,2025-12-08
121,Alphonse Laine,alphonse.laine7204@shopflow.com,Paris,France,2025-08-02
122,Augustin Rey de la Gilbert,augustin.gilbert5223@shopflow.com,Incheon,Coree du Sud,2025-12-29
123,Marthe Sauvage,marthe.sauvage250@shopflow.com,Cordoba,Argentine,2025-09-04
124,Claudine Boucher,claudine.boucher1866@shopflow.com,Chicago,Etats-Unis,2026-04-06
125,Louis Berthelot,louis.berthelot2032@shopflow.com,Izmir,Turquie,2025-05-06
126,Élise-Nicole Leleu,elise.leleu6693@shopflow.com,Kyoto,Japon,2025-08-07
127,Paulette Charles,paulette.charles8313@shopflow.com,Seoul,Coree du Sud,2025-10-31
128,Christophe Roussel,christophe.roussel2335@shopflow.com,Cologne,Allemagne,2025-08-30
129,Nathalie-Dominique Rivière,nathalie.riviere9214@shopflow.com,Chengdu,Chine,2025-09-17
130,Marcel Morel-Thibault,marcel.thibault1041shopflow.com,Le Caire,Egypte,2025-11-21
131,Olivie-Olivie Pineau,olivie.pineau757@shopflow.com,Delhi,Inde,2026-01-08
132,Alice Da Silva-Mace,,Surabaya,Indonesie,2025-12-22
133,Amélie Fischer-Lesage,amelie.lesage4623@shopflow.com,Osaka,Japon,2026-04-09
134,Gilles Roussel,gilles.roussel8887@shopflow.com,Mendoza,Argentine,2025-06-20
135,Éric Le Goff,eric.goff1739@shopflow.com,Rosario,Argentine,2025-08-13
136,Alexandre Jean,alexandre.jean5249@shopflow.com,Antalya,Turquie,2026-03-10
137,Margaud Muller,margaud.muller762@shopflow.com,Busan,Coree du Sud,2025-08-02
138,Éric Lombard-Legrand,eric.legrand3887@shopflow.com,Marrakech,Maroc,2025-07-28
139,Margot Dupont,margot.dupont2909@shopflow.com,Lyon,France,2026-02-11
140,Michel Caron,michel.caron7794shopflow.com,,Nigeria,2025-04-27
141,Suzanne Meunier,suzanne.meunier3423@shopflow.com,Jakarta,Indonesie,2026-04-08
142,Richard-Gabriel Andre,richard.andre8913@shopflow.com,Lagos,Nigeria,2025-09-17
143,Céline Teixeira,celine.teixeira1563@shopflow.com,Port Harcourt,Nigeria,2025-06-03
144,Alex-Michèle Guilbert,alex.guilbert5780@shopflow.com,Yogyakarta,Indonesie,2025-07-09
145,Laurence Ollivier,laurence.ollivier5860@shopflow.com,Sydney,Australie,2026-04-13
146,Dorothée Le Benard,dorothee.benard9976@shopflow.com,Adelaide,Australie,2025-06-01
147,Marie Roussel-Fernandes,marie.fernandes8625@shopflow.com,Kisumu,Kenya,2026-02-28
148,Renée Bourdon,renee.bourdon4753@shopflow.com,Wellington,Nouvelle-Zelande,2026-02-22
149,Margot Leconte de la Collin,margot.collin875@shopflow.com,Alexandrie,Egypte,2025-09-13
150,Marc Gérard,marc.gerard8349@,Recife,Bresil,2025-05-27
151,Margaux Allain du Dijoux,margaux.dijoux7621@shopflow.com,Rabat,Maroc,2025-08-17
152,Édouard Michel,edouard.michel6755@shopflow.com,Marrakech,Maroc,2026-03-15
153,Daniel Bouvet,daniel.bouvet4296@shopflow.com,Yogyakarta,Indonesie,2025-06-26
154,Noémi de la Roy,noemi.roy8700@shopflow.com,Le Caire,Egypte,2025-06-23
155,Christophe Poirier-Coulon,christophe.coulon8237@shopflow.com,Durban,Afrique du Sud,2026-04-06
156,Étienne Pichon,etienne.pichon6422@shopflow.com,Shenzhen,Chine,2025-10-04
157,Anouk Martel du Lefebvre,anouk.lefebvre2770@shopflow.com,Quebec,Canada,2025-11-26
158,Valentine Reynaud,valentine.reynaud750@shopflow.com,Nakuru,Kenya,2025-12-15
159,Alphonse Lopes,alphonse.lopes4137@shopflow.com,Tokyo,Japon,2026-03-31
160,Isaac Lelièvre de Pages,isaac.pages6278shopflow.com,,Turquie,2025-12-20
161,Nathalie Moulin,nathalie.moulin7517@shopflow.com,Hambourg,Allemagne,2025-11-04
162,Claude Vincent,claude.vincent2241@shopflow.com,Mexico,Mexique,2025-10-17
163,Marie Marion,marie.marion5433@shopflow.com,Pekin,Chine,2025-12-03
164,Alix Salmon,alix.salmon6728@shopflow.com,Hambourg,Allemagne,2026-04-13
165,Théodore Da Silva,,Nakuru,Kenya,2025-05-14
166,Élise Leclerc,elise.leclerc3395@shopflow.com,Christchurch,Nouvelle-Zelande,2026-03-17
167,Andrée Aubert,andree.aubert6144@shopflow.com,Busan,Coree du Sud,2025-05-27
168,Monique Julien,monique.julien356@shopflow.com,Toulouse,France,2026-04-16
169,Édouard Merle,edouard.merle1107@shopflow.com,Incheon,Coree du Sud,2026-01-29
170,Camille Lelièvre,@shopflow.com,Surabaya,Indonesie,2026-03-14
171,Augustin Berger,augustin.berger9714@shopflow.com,Munich,Allemagne,2025-05-16
172,Philippe Gosselin,philippe.gosselin7880@shopflow.com,Tanger,Maroc,2026-01-10
173,Josette Marion,josette.marion7499@shopflow.com,Surabaya,Indonesie,2025-08-22
174,Matthieu Masse,matthieu.masse8886@shopflow.com,Dunedin,Nouvelle-Zelande,2026-02-10
175,Martin Launay,martin.launay8232@shopflow.com,Nairobi,Kenya,2025-09-02
176,Susanne Maillard,susanne.maillard3812@shopflow.com,Tokyo,Japon,2025-11-29
177,Timothée Godard,timothee.godard9284@shopflow.com,Casablanca,Maroc,2025-11-24
178,Marcelle-Marianne Richard,marcelle.richard3666@shopflow.com,Kisumu,Kenya,2025-05-07
179,Alain Collet,alain.collet4584@shopflow.com,Le Caire,Egypte,2025-10-08
180,Rémy Legros,remy.legros4534@,,Japon,2025-07-19
181,Guillaume Boutin,guillaume.boutin2126@shopflow.com,Le Caire,Egypte,2025-11-24
182,Alfred Germain,alfred.germain3701@shopflow.com,Durban,Afrique du Sud,2025-06-19
183,Laurence du Colas,laurence.colas6092@shopflow.com,New York,Etats-Unis,2025-05-28
184,Danielle Baudry,danielle.baudry3251@shopflow.com,Houston,Etats-Unis,2026-04-09
185,Astrid Vallée de Dos Santos,astrid.santos1522@shopflow.com,Antalya,Turquie,2025-07-23
186,Gabriel Mercier,gabriel.mercier6019@shopflow.com,Puebla,Mexique,2025-12-28
187,Eugène Lebrun du Voisin,eugene.voisin9184@shopflow.com,Port Harcourt,Nigeria,2026-03-31
188,Marine Rousset-Briand,marine.briand903@shopflow.com,Medan,Indonesie,2026-01-12
189,Hugues Turpin,hugues.turpin7564@shopflow.com,Berlin,Allemagne,2025-05-07
190,Arthur Lejeune,@shopflow.com,Bloemfontein,Afrique du Sud,2025-07-04
191,David Guérin de Poirier,david.poirier4085@shopflow.com,Calgary,Canada,2026-03-17
192,Juliette Ribeiro,juliette.ribeiro7636@shopflow.com,Berlin,Allemagne,2025-09-14
193,René du Lambert,rene.lambert239@shopflow.com,Medan,Indonesie,2025-11-26
194,Adélaïde Bazin,adelaide.bazin4015@shopflow.com,Ibadan,Nigeria,2026-02-05
195,Pierre Bouvier,pierre.bouvier5880@shopflow.com,Nairobi,Kenya,2025-09-19
196,Bertrand Pichon,bertrand.pichon9798@shopflow.com,Cordoba,Argentine,2026-04-01
197,Émilie-Claire Rodriguez,emilie.rodriguez1703@shopflow.com,Berlin,Allemagne,2025-05-17
198,Margot Traore,,Melbourne,Australie,2025-06-28
199,Antoine Bouchet,antoine.bouchet7700@shopflow.com,Cologne,Allemagne,2025-07-03
200,Philippine Bègue-Bonnin,philippine.bonnin4577.shopflow.com,,Afrique du Sud,2026-02-10
